"","model","Accuracy","Kappa","AccuracyLower","AccuracyUpper","AccuracyNull","AccuracyPValue","McnemarPValue","Sensitivity","Specificity","Pos Pred Value","Neg Pred Value","Precision","Recall","F1","Prevalence","Detection Rate","Detection Prevalence","Balanced Accuracy"
"1","lm","0.91304347826087","0.808731808731809","0.792082675116052","0.975796929197065","0.630434782608696","1.37941871612992e-05","0.617075077451974","0.823529411764706","0.96551724137931","0.933333333333333","0.903225806451613","0.933333333333333","0.823529411764706","0.875","0.369565217391304","0.304347826086957","0.326086956521739","0.894523326572008"
"2","rf","1","1","0.922938172948099","1","0.630434782608696","6.07362041234998e-10","NaN","1","1","1","1","1","1","1","0.369565217391304","0.369565217391304","0.369565217391304","1"
"3","rf-tunegrid","1","1","0.922938172948099","1","0.630434782608696","6.07362041234998e-10","NaN","1","1","1","1","1","1","1","0.369565217391304","0.369565217391304","0.369565217391304","1"
"4","ctree","0.826086956521739","0.607675906183369","0.685809349924701","0.921796576193647","0.630434782608696","0.00328555880692914","0.288844366346485","0.647058823529412","0.931034482758621","0.846153846153846","0.818181818181818","0.846153846153846","0.647058823529412","0.733333333333333","0.369565217391304","0.239130434782609","0.282608695652174","0.789046653144016"
"5","LDA","0.91304347826087","0.808731808731809","0.792082675116052","0.975796929197065","0.630434782608696","1.37941871612992e-05","0.617075077451974","0.823529411764706","0.96551724137931","0.933333333333333","0.903225806451613","0.933333333333333","0.823529411764706","0.875","0.369565217391304","0.304347826086957","0.326086956521739","0.894523326572008"
"6","C5.0","1","1","0.922938172948099","1","0.630434782608696","6.07362041234998e-10","NaN","1","1","1","1","1","1","1","0.369565217391304","0.369565217391304","0.369565217391304","1"
"7","rpart","0.891304347826087","0.763860369609856","0.764303299282527","0.963751628108978","0.630434782608696","7.14259342479398e-05","1","0.823529411764706","0.931034482758621","0.875","0.9","0.875","0.823529411764706","0.848484848484849","0.369565217391304","0.304347826086957","0.347826086956522","0.877281947261663"
