"","model","Accuracy","Kappa","AccuracyLower","AccuracyUpper","AccuracyNull","AccuracyPValue","McnemarPValue","Sensitivity","Specificity","Pos Pred Value","Neg Pred Value","Precision","Recall","F1","Prevalence","Detection Rate","Detection Prevalence","Balanced Accuracy"
"1","RF","0.978260869565217","0.947608200455581","0.88472817440201","0.999449764305119","0.717391304347826","4.42890532253437e-06","1","1","0.96969696969697","0.928571428571429","1","0.928571428571429","1","0.962962962962963","0.282608695652174","0.282608695652174","0.304347826086957","0.984848484848485"
"2","ctree","0.760869565217391","0.51252408477842","0.612331089885928","0.874138605177431","0.717391304347826","0.318456323373917","0.015861332739773","0.923076923076923","0.696969696969697","0.545454545454545","0.958333333333333","0.545454545454545","0.923076923076923","0.685714285714286","0.282608695652174","0.260869565217391","0.478260869565217","0.81002331002331"
"3","rpart","0.782608695652174","0.487750556792873","0.636375641384603","0.890518299831181","0.717391304347826","0.208887792092343","0.751829634045849","0.692307692307692","0.818181818181818","0.6","0.870967741935484","0.6","0.692307692307692","0.642857142857143","0.282608695652174","0.195652173913043","0.326086956521739","0.755244755244755"
"4","C5.0","0.978260869565217","0.947608200455581","0.88472817440201","0.999449764305119","0.717391304347826","4.42890532253437e-06","1","1","0.96969696969697","0.928571428571429","1","0.928571428571429","1","0.962962962962963","0.282608695652174","0.282608695652174","0.304347826086957","0.984848484848485"
